id;file_name;file_size;original_file_name;path;ext
1;squid inasmuch;12443;ack;eek;unless
2;deliberately;28124;minus whose;down probate seemingly;during given mad
3;ack despite onto;19096;and qua;pack restaurant telescope;painfully though icebreaker
4;intermarry video gift;28980;circa um including;oof lack fen;around neglected
5;gift;18241;needy ajar;round;phooey fledgling likewise
6;valley;28569;helplessly;deadly smoothly anguished;yahoo serialize
7;drain scrabble blah;25638;furthermore ha;whereas;scale mentor amongst
8;tough drat;10008;courageously notarize;below;meaningfully alb variable
9;er fort;996;free passport geez;woefully;downchange
10;neglect;11927;birth huzzah rectangular;commonly husband executor;psst
