id;name;doc_type;given_date;issued_date;doc_status
1;weekly narrowcast ew;DRIVER_LICENCE;2025-03-03T21:05:46;2025-03-04T03:47:35;true
2;boohoo provided fair;CERTIFICATE;2025-03-03T19:45:08;2025-03-04T04:23:34;true
3;cloudy geez;CERTIFICATE;2025-03-03T18:23:27;2025-03-04T03:47:48;true
4;battle devise before;CERTIFICATE;2025-03-03T13:10:15;2025-03-03T11:48:22;false
5;woot;DRIVER_LICENCE;2025-03-04T01:14:35;2025-03-04T03:32:01;true
6;and until favorable;DRIVER_LICENCE;2025-03-04T02:13:25;2025-03-03T18:02:41;true
7;justly pike sadly;BIO_PASSPORT;2025-03-03T22:27:21;2025-03-03T14:40:17;true
8;gastropod atop anenst;CERTIFICATE;2025-03-04T00:03:19;2025-03-03T15:16:50;true
9;aw cemetery;ID_CARD;2025-03-03T11:15:15;2025-03-03T18:21:28;true
10;incidentally necklace where;BIO_PASSPORT;2025-03-03T12:32:15;2025-03-04T04:32:18;true
