id;login;first_name;last_name;email;image_url;activated;lang_key
1;"DIA@J\usi-\pWH\Sg\yo8";Callie;Romaguera;Maude30@gmail.com;switch mid;false;zowie hove
2;"AW_Wr+@fK\!9\>qzcV\vfCVcM\Sr\0d";Harrison;Gulgowski;Furman52@yahoo.com;shinny aftermath;true;finally re
3;"F";Lucie;Marvin;Arlene_Runolfsson72@gmail.com;gadzooks drat guard;true;thoroughly
4;"Y";Lenny;Bergnaum;Gerda_Wiza20@gmail.com;heighten;false;neighborin
5;"4DzJ";Lavina;Harber;Robyn38@hotmail.com;shameless drat;false;unkempt
6;"x~l@ianYPg";Mandy;Paucek;Laron13@hotmail.com;scout upliftingly;false;cow advent
7;"s7=J@W";Eloisa;Mueller;Enrico.Ortiz96@yahoo.com;yippee as consequently;true;boohoo fri
8;"w3yj@0Kn";Karli;Ritchie;Trisha64@yahoo.com;when furthermore oof;false;faithfully
9;"o@1\p0\pa9";Kurtis;Bashirian;Marcus.Considine@hotmail.com;obedience which instead;true;agreeable 
10;"Und@lh";Kristian;Wisoky;Rebeca_Wintheiser-Ritchie@gmail.com;immense chase;true;aha uncork
